Model,Stage,Accuracy,F1-macro,Balanced Acc
KNN,Baseline,0.80622009569378,0.7942016471291238,0.8003643747339355
KNN,Optimized,0.8636363636363636,0.8574041813232525,0.8585374608302782
NaiveBayes,Baseline,0.5287081339712919,0.43053110131524647,0.5355812896938809
NaiveBayes,Optimized,0.5765550239234449,0.5294046169911858,0.5721027490681783
SVM,Baseline,0.8564593301435407,0.8520336096732452,0.8514952592327226
SVM,Optimized,0.9617224880382775,0.961453515947136,0.9611231521913399
