Model,Accuracy,Precision (w),Recall (w),F1 (weighted),F1 (macro),Balanced Acc,Train (ms)
KNN,0.80622009569378,0.8019826365941174,0.80622009569378,0.7995540578485482,0.7942016471291238,0.8003643747339355,3.2
NaiveBayes,0.5287081339712919,0.45920200734669764,0.5287081339712919,0.4302196870992269,0.43053110131524647,0.5355812896938809,2.6
SVM,0.8564593301435407,0.8589817538743221,0.8564593301435407,0.8562615999381993,0.8520336096732452,0.8514952592327226,301.8
